Sr. No.,Type of Measurement,Description (English),Description (Hindi),Description (Kannada),Photo (from PDF),Measurement (Inches)
1,"Shoulder Width – End to End
कंधे की चौड़ाई (छोर से छोर तक)
ಭುಜದ ಅಗಲ (ತುದಿಯಿಂದ ತುದಿಗೆ)","EN: The total width across the top of both shoulders, from the outer bony tip of the left shoulder to the outer bony tip of the right shoulder. It represents the complete shoulder span of the body (both shoulders combined).",हिन्दी · कंधे की चौड़ाई (छोर से छोर तक): दोनों कंधों के ऊपर की कुल चौड़ाई — बाएँ कंधे की बाहरी हड्डी वाले सिरे से दाएँ कंधे की बाहरी हड्डी वाले सिरे तक। यह शरीर के पूरे कंधे के फैलाव (दोनों कंधे मिलाकर) को दर्शाता है।,ಕನ್ನಡ · ಭುಜದ ಅಗಲ (ತುದಿಯಿಂದ ತುದಿಗೆ): ಎರಡೂ ಭುಜಗಳ ಮೇಲ್ಭಾಗದ ಒಟ್ಟು ಅಗಲ — ಎಡ ಭುಜದ ಹೊರಗಿನ ಎಲುಬಿನ ತುದಿಯಿಂದ ಬಲ ಭುಜದ ಹೊರಗಿನ ಎಲುಬಿನ ತುದಿಯವರೆಗೆ. ಇದು ದೇಹದ ಪೂರ್ಣ ಭುಜದ ವ್ಯಾಪ್ತಿಯನ್ನು (ಎರಡೂ ಭುಜಗಳನ್ನು ಸೇರಿಸಿ) ಸೂಚಿಸುತ್ತದೆ.,,
2,"Shoulder Right
दायाँ कंधा
ಬಲ ಭುಜ","EN: The length of the right shoulder only — the distance from the base of the neck (the neck-shoulder point) to the outer bony tip of the right shoulder. It represents half of the total shoulder span, right side.",हिन्दी · दायाँ कंधा: केवल दाएँ कंधे की लंबाई — गर्दन के आधार (गर्दन-कंधा बिंदु) से दाएँ कंधे की बाहरी हड्डी वाले सिरे तक की दूरी। यह कुल कंधे के फैलाव का आधा हिस्सा (दायाँ भाग) दर्शाता है।,ಕನ್ನಡ · ಬಲ ಭುಜ: ಬಲ ಭುಜದ ಮಾತ್ರ ಉದ್ದ — ಕುತ್ತಿಗೆಯ ಬುಡದಿಂದ (ಕುತ್ತಿಗೆ-ಭುಜ ಬಿಂದು) ಬಲ ಭುಜದ ಹೊರಗಿನ ಎಲುಬಿನ ತುದಿಯವರೆಗಿನ ಅಂತರ. ಇದು ಒಟ್ಟು ಭುಜದ ವ್ಯಾಪ್ತಿಯ ಅರ್ಧ ಭಾಗವನ್ನು (ಬಲ ಬದಿ) ಸೂಚಿಸುತ್ತದೆ.,,
3,"Shoulder Left
बायाँ कंधा
ಎಡ ಭುಜ","EN: The length of the left shoulder only — the distance from the base of the neck (the neck-shoulder point) to the outer bony tip of the left shoulder. It represents half of the total shoulder span, left side.",हिन्दी · बायाँ कंधा: केवल बाएँ कंधे की लंबाई — गर्दन के आधार (गर्दन-कंधा बिंदु) से बाएँ कंधे की बाहरी हड्डी वाले सिरे तक की दूरी। यह कुल कंधे के फैलाव का आधा हिस्सा (बायाँ भाग) दर्शाता है।,ಕನ್ನಡ · ಎಡ ಭುಜ: ಎಡ ಭುಜದ ಮಾತ್ರ ಉದ್ದ — ಕುತ್ತಿಗೆಯ ಬುಡದಿಂದ (ಕುತ್ತಿಗೆ-ಭುಜ ಬಿಂದು) ಎಡ ಭುಜದ ಹೊರಗಿನ ಎಲುಬಿನ ತುದಿಯವರೆಗಿನ ಅಂತರ. ಇದು ಒಟ್ಟು ಭುಜದ ವ್ಯಾಪ್ತಿಯ ಅರ್ಧ ಭಾಗವನ್ನು (ಎಡ ಬದಿ) ಸೂಚಿಸುತ್ತದೆ.,,
4,"Arm Hole Round Right
दायाँ आर्महोल घेरा
ಬಲ ತೋಳಿನ ರಂಧ್ರದ ಸುತ್ತಳತೆ",EN: The full circumference of the right armhole — the closed loop around the base of the right arm where the arm joins the torso (over the shoulder tip and under the armpit). It represents the size of the opening the sleeve is stitched into on the right side.,हिन्दी · दायाँ आर्महोल घेरा: दाएँ आर्महोल का पूरा घेरा — दाएँ बाँह के आधार के चारों ओर का बंद घेरा जहाँ बाँह धड़ से जुड़ती है (कंधे के सिरे के ऊपर से और बगल के नीचे से)। यह उस छेद के आकार को दर्शाता है जिसमें दाईं ओर आस्तीन सिली जाती है।,ಕನ್ನಡ · ಬಲ ತೋಳಿನ ರಂಧ್ರದ ಸುತ್ತಳತೆ: ಬಲ ತೋಳಿನ ರಂಧ್ರದ ಪೂರ್ಣ ಸುತ್ತಳತೆ — ತೋಳು ಮುಂಡಕ್ಕೆ ಸೇರುವ ಬಲ ತೋಳಿನ ಬುಡದ ಸುತ್ತಲಿನ ಮುಚ್ಚಿದ ವೃತ್ತ (ಭುಜದ ತುದಿಯ ಮೇಲಿಂದ ಮತ್ತು ಕಂಕುಳಿನ ಕೆಳಗಿಂದ). ಇದು ಬಲ ಬದಿಯಲ್ಲಿ ತೋಳನ್ನು ಹೊಲಿಯುವ ರಂಧ್ರದ ಗಾತ್ರವನ್ನು ಸೂಚಿಸುತ್ತದೆ,,
5,"Arm Hole Round Left
बायाँ आर्महोल घेरा
ಎಡ ತೋಳಿನ ರಂಧ್ರದ ಸುತ್ತಳತೆ",EN: The full circumference of the left armhole — the closed loop around the base of the left arm where the arm joins the torso (over the shoulder tip and under the armpit). It represents the size of the opening the sleeve is stitched into on the left side.,हिन्दी · बायाँ आर्महोल घेरा: बाएँ आर्महोल का पूरा घेरा — बाएँ बाँह के आधार के चारों ओर का बंद घेरा जहाँ बाँह धड़ से जुड़ती है (कंधे के सिरे के ऊपर से और बगल के नीचे से)। यह उस छेद के आकार को दर्शाता है जिसमें बाईं ओर आस्तीन सिली जाती है।,ಕನ್ನಡ · ಎಡ ತೋಳಿನ ರಂಧ್ರದ ಸುತ್ತಳತೆ: ಎಡ ತೋಳಿನ ರಂಧ್ರದ ಪೂರ್ಣ ಸುತ್ತಳತೆ — ತೋಳು ಮುಂಡಕ್ಕೆ ಸೇರುವ ಎಡ ತೋಳಿನ ಬುಡದ ಸುತ್ತಲಿನ ಮುಚ್ಚಿದ ವೃತ್ತ (ಭುಜದ ತುದಿಯ ಮೇಲಿಂದ ಮತ್ತು ಕಂಕುಳಿನ ಕೆಳಗಿಂದ). ಇದು ಎಡ ಬದಿಯಲ್ಲಿ ತೋಳನ್ನು ಹೊಲಿಯುವ ರಂಧ್ರದ ಗಾತ್ರವನ್ನು ಸೂಚಿಸುತ್ತದೆ.,,
6,"Shoulder Strap Right
दायाँ कंधा पट्टी
ಬಲ ಭುಜದ ಪಟ್ಟಿ",EN: The width of the fabric strap resting on top of the right shoulder — the span between the neckline edge and the armhole seam on the right side. It represents how broad the shoulder strap of the blouse is on the right.,हिन्दी · दायाँ कंधा पट्टी: दाएँ कंधे के ऊपर टिकी कपड़े की पट्टी की चौड़ाई — दाईं ओर गले की किनार और आर्महोल सीवन के बीच की दूरी। यह दर्शाता है कि दाईं ओर ब्लाउज की कंधा पट्टी कितनी चौड़ी है।,ಕನ್ನಡ · ಬಲ ಭುಜದ ಪಟ್ಟಿ: ಬಲ ಭುಜದ ಮೇಲೆ ಇರುವ ಬಟ್ಟೆಯ ಪಟ್ಟಿಯ ಅಗಲ — ಬಲ ಬದಿಯ ಕುತ್ತಿಗೆಯ ಅಂಚಿನ ಮತ್ತು ತೋಳಿನ ರಂಧ್ರದ ಹೊಲಿಗೆಯ ನಡುವಿನ ಅಂತರ. ಇದು ಬಲ ಬದಿಯಲ್ಲಿ ರವಿಕೆಯ ಭುಜದ ಪಟ್ಟಿ ಎಷ್ಟು ಅಗಲವಿದೆ ಎಂಬುದನ್ನು ಸೂಚಿಸುತ್ತದೆ.,,
7,"Shoulder Strap Left
बायाँ कंधा पट्टी
ಎಡ ಭುಜದ ಪಟ್ಟಿ",EN: The width of the fabric strap resting on top of the left shoulder — the span between the neckline edge and the armhole seam on the left side. It represents how broad the shoulder strap of the blouse is on the left.,हिन्दी · बायाँ कंधा पट्टी: बाएँ कंधे के ऊपर टिकी कपड़े की पट्टी की चौड़ाई — बाईं ओर गले की किनार और आर्महोल सीवन के बीच की दूरी। यह दर्शाता है कि बाईं ओर ब्लाउज की कंधा पट्टी कितनी चौड़ी है।,ಕನ್ನಡ · ಎಡ ಭುಜದ ಪಟ್ಟಿ: ಎಡ ಭುಜದ ಮೇಲೆ ಇರುವ ಬಟ್ಟೆಯ ಪಟ್ಟಿಯ ಅಗಲ — ಎಡ ಬದಿಯ ಕುತ್ತಿಗೆಯ ಅಂಚಿನ ಮತ್ತು ತೋಳಿನ ರಂಧ್ರದ ಹೊಲಿಗೆಯ ನಡುವಿನ ಅಂತರ. ಇದು ಎಡ ಬದಿಯಲ್ಲಿ ರವಿಕೆಯ ಭುಜದ ಪಟ್ಟಿ ಎಷ್ಟು ಅಗಲವಿದೆ ಎಂಬುದನ್ನು ಸೂಚಿಸುತ್ತದೆ.,,
8,"Shoulder to Apex
कंधे से एपेक्स (उभार बिंदु) तक
ಭುಜದಿಂದ ಎಪೆಕ್ಸ್ (ಉಬ್ಬಿನ ಬಿಂದು)ವರೆಗೆ","EN: The vertical distance from a point on the shoulder that sits directly above the apex, straight down the front of the body to the apex — the apex being the highest, most-forward point of the bust (the bust point / nipple point). It represents how far the bust point sits below the shoulder line.",हिन्दी · कंधे से एपेक्स (उभार बिंदु) तक: कंधे पर उस बिंदु से — जो सीधे एपेक्स के ऊपर होता है — शरीर के सामने की ओर सीधे नीचे एपेक्स तक की ऊर्ध्वाधर दूरी। एपेक्स वक्ष का सबसे ऊँचा और सबसे आगे का बिंदु (बस्ट पॉइंट / निप्पल बिंदु) होता है। यह दर्शाता है कि बस्ट पॉइंट कंधे की रेखा से कितना नीचे है।,"ಕನ್ನಡ · ಭುಜದಿಂದ ಎಪೆಕ್ಸ್ (ಉಬ್ಬಿನ ಬಿಂದು)ವರೆಗೆ: ಎಪೆಕ್ಸ್‌ನ ನೇರ ಮೇಲಿರುವ ಭುಜದ ಬಿಂದುವಿನಿಂದ, ದೇಹದ ಮುಂಭಾಗದಲ್ಲಿ ನೇರವಾಗಿ ಕೆಳಗೆ ಎಪೆಕ್ಸ್‌ವರೆಗಿನ ಲಂಬ ಅಂತರ — ಎಪೆಕ್ಸ್ ಎಂದರೆ ಎದೆಯ ಅತ್ಯುನ್ನತ ಮತ್ತು ಅತಿ ಮುಂದಿನ ಬಿಂದು (ಬಸ್ಟ್ ಪಾಯಿಂಟ್ / ಮೊಲೆತೊಟ್ಟಿನ ಬಿಂದು). ಇದು ಬಸ್ಟ್ ಪಾಯಿಂಟ್ ಭುಜದ ರೇಖೆಯಿಂದ ಎಷ್ಟು ಕೆಳಗಿದೆ ಎಂಬುದನ್ನು ಸೂಚಿಸುತ್ತದೆ.",,
9,"Front Depth
सामने की गहराई (गला)
ಮುಂಭಾಗದ ಆಳ (ಕುತ್ತಿಗೆ)","EN: The depth of the front neckline — the vertical drop from the neck-shoulder point down the center front to the lowest point of the front neck opening. A larger value means a deeper, lower-cut front neck.","हिन्दी · सामने की गहराई (गला): सामने के गले की गहराई — गर्दन-कंधा बिंदु से बीच में सीधे नीचे सामने के गले के सबसे निचले बिंदु तक की ऊर्ध्वाधर दूरी। बड़ा मान अधिक गहरे, नीचे कटे सामने के गले को दर्शाता है।","ಕನ್ನಡ · ಮುಂಭಾಗದ ಆಳ (ಕುತ್ತಿಗೆ): ಮುಂಭಾಗದ ಕುತ್ತಿಗೆಯ ಆಳ — ಕುತ್ತಿಗೆ-ಭುಜ ಬಿಂದುವಿನಿಂದ ಮಧ್ಯ ಮುಂಭಾಗದಲ್ಲಿ ಕೆಳಗೆ ಮುಂಭಾಗದ ಕುತ್ತಿಗೆ ತೆರೆಯುವಿಕೆಯ ಅತಿ ಕೆಳಗಿನ ಬಿಂದುವಿನವರೆಗಿನ ಲಂಬ ಅಂತರ. ದೊಡ್ಡ ಮೌಲ್ಯ ಎಂದರೆ ಆಳವಾದ, ಕೆಳಗೆ ಕತ್ತರಿಸಿದ ಮುಂಭಾಗದ ಕುತ್ತಿಗೆ.",,
10,"Front Length
सामने की लंबाई
ಮುಂಭಾಗದ ಉದ್ದ","EN: The full length of the blouse front — the vertical distance from the point where the neck meets the shoulder at the front (where the collarbones meet, at the base of the throat), straight down past the bust to the bottom-most edge of the blouse at the front. It represents the total height of the front panel.","हिन्दी · सामने की लंबाई: ब्लाउज के सामने की पूरी लंबाई — सामने जहाँ गर्दन कंधे से मिलती है (जहाँ हँसली की हड्डियाँ मिलती हैं, गले के आधार पर) उस बिंदु से सीधे नीचे वक्ष को पार करते हुए सामने ब्लाउज के सबसे निचले किनारे तक की ऊर्ध्वाधर दूरी। यह सामने के पैनल की कुल ऊँचाई को दर्शाता है।","ಕನ್ನಡ · ಮುಂಭಾಗದ ಉದ್ದ: ರವಿಕೆಯ ಮುಂಭಾಗದ ಪೂರ್ಣ ಉದ್ದ — ಮುಂಭಾಗದಲ್ಲಿ ಕುತ್ತಿಗೆ ಭುಜವನ್ನು ಸೇರುವ ಬಿಂದುವಿನಿಂದ (ಕಂಠದ ಬುಡದಲ್ಲಿ, ಕಂಠಮಣಿ ಎಲುಬುಗಳು ಸೇರುವಲ್ಲಿ) ನೇರವಾಗಿ ಎದೆಯನ್ನು ದಾಟಿ ಮುಂಭಾಗದಲ್ಲಿ ರವಿಕೆಯ ಅತಿ ಕೆಳಗಿನ ಅಂಚಿನವರೆಗಿನ ಲಂಬ ಅಂತರ. ಇದು ಮುಂಭಾಗದ ಫಲಕದ ಒಟ್ಟು ಎತ್ತರವನ್ನು ಸೂಚಿಸುತ್ತದೆ.",,
11,"Upper Bust
ऊपरी वक्ष (अपर बस्ट)
ಮೇಲಿನ ಎದೆ (ಅಪ್ಪರ್ ಬಸ್ಟ್)","EN: The circumference of the torso just above the fullest part of the bust, taken high under the armpits. It represents the chest girth above the bust, used to set the upper fit of the blouse.","हिन्दी · ऊपरी वक्ष (अपर बस्ट): वक्ष के सबसे भरे हिस्से से ठीक ऊपर धड़ का घेरा, बगलों के नीचे से ऊँचाई पर लिया गया। यह वक्ष के ऊपर की छाती के घेरे को दर्शाता है, जिसका उपयोग ब्लाउज की ऊपरी फिटिंग तय करने में होता है।","ಕನ್ನಡ · ಮೇಲಿನ ಎದೆ (ಅಪ್ಪರ್ ಬಸ್ಟ್): ಎದೆಯ ಅತಿ ತುಂಬಿದ ಭಾಗದ ಮೇಲ್ಭಾಗದಲ್ಲಿ, ಕಂಕುಳುಗಳ ಕೆಳಗೆ ಎತ್ತರದಲ್ಲಿ ತೆಗೆದ ಮುಂಡದ ಸುತ್ತಳತೆ. ಇದು ಎದೆಯ ಮೇಲ್ಭಾಗದ ಎದೆ ಸುತ್ತಳತೆಯನ್ನು ಸೂಚಿಸುತ್ತದೆ, ರವಿಕೆಯ ಮೇಲಿನ ಫಿಟ್ ಅನ್ನು ನಿಗದಿಪಡಿಸಲು ಬಳಸಲಾಗುತ್ತದೆ.",,
12,"Apex to Apex
एपेक्स से एपेक्स (उभार बिंदुओं के बीच)
ಎಪೆಕ್ಸ್‌ನಿಂದ ಎಪೆಕ್ಸ್‌ವರೆಗೆ",EN: The horizontal straight-line distance between the two bust apex points (left bust point to right bust point). It represents how far apart the two bust cups/darts sit.,हिन्दी · एपेक्स से एपेक्स (उभार बिंदुओं के बीच): दोनों वक्ष एपेक्स बिंदुओं के बीच की क्षैतिज सीधी-रेखा दूरी (बाएँ बस्ट पॉइंट से दाएँ बस्ट पॉइंट तक)। यह दर्शाता है कि दोनों बस्ट कप/डार्ट कितनी दूरी पर होते हैं।,ಕನ್ನಡ · ಎಪೆಕ್ಸ್‌ನಿಂದ ಎಪೆಕ್ಸ್‌ವರೆಗೆ: ಎರಡು ಎದೆ ಎಪೆಕ್ಸ್ ಬಿಂದುಗಳ ನಡುವಿನ ಅಡ್ಡ ನೇರ-ರೇಖೆಯ ಅಂತರ (ಎಡ ಬಸ್ಟ್ ಪಾಯಿಂಟ್‌ನಿಂದ ಬಲ ಬಸ್ಟ್ ಪಾಯಿಂಟ್‌ವರೆಗೆ). ಇದು ಎರಡು ಎದೆ ಕಪ್/ಡಾರ್ಟ್‌ಗಳು ಎಷ್ಟು ಅಂತರದಲ್ಲಿ ಇರುತ್ತವೆ ಎಂಬುದನ್ನು ಸೂಚಿಸುತ್ತದೆ.,,
13,"Bust Centreline
वक्ष पूरा घेरा (बस्ट राउंड)
ಎದೆಯ ಪೂರ್ಣ ಸುತ್ತಳತೆ (ಬಸ್ಟ್ ರೌಂಡ್)","EN: The bust full round — the complete circumference around the fullest part of the bust, going all the way around the body so it covers the entire bust at the front and the back at that same level. It represents the total bust girth at its fullest point.","हिन्दी · वक्ष पूरा घेरा (बस्ट राउंड): वक्ष का पूरा घेरा — वक्ष के सबसे भरे हिस्से के चारों ओर का पूरा घेरा, जो पूरे शरीर के चारों ओर घूमता है ताकि सामने का पूरा वक्ष और उसी स्तर पर पीठ दोनों शामिल हों। यह सबसे भरे बिंदु पर कुल वक्ष घेरे को दर्शाता है।","ಕನ್ನಡ · ಎದೆಯ ಪೂರ್ಣ ಸುತ್ತಳತೆ (ಬಸ್ಟ್ ರೌಂಡ್): ಎದೆಯ ಪೂರ್ಣ ಸುತ್ತಳತೆ — ಎದೆಯ ಅತಿ ತುಂಬಿದ ಭಾಗದ ಸುತ್ತಲಿನ ಸಂಪೂರ್ಣ ಸುತ್ತಳತೆ, ದೇಹದ ಸುತ್ತಲೂ ಸಂಪೂರ್ಣವಾಗಿ ಸುತ್ತುವಂತೆ, ಇದರಿಂದ ಮುಂಭಾಗದ ಪೂರ್ಣ ಎದೆ ಮತ್ತು ಅದೇ ಮಟ್ಟದ ಬೆನ್ನು ಎರಡೂ ಸೇರುತ್ತವೆ. ಇದು ಅತಿ ತುಂಬಿದ ಬಿಂದುವಿನಲ್ಲಿ ಒಟ್ಟು ಎದೆ ಸುತ್ತಳತೆಯನ್ನು ಸೂಚಿಸುತ್ತದೆ.",,
14,"Lower Bust
निचला वक्ष (अंडरबस्ट)
ಕೆಳಗಿನ ಎದೆ (ಲೋವರ್ ಬಸ್ಟ್)","EN: The circumference of the ribcage directly under the bust (where a bra band sits). It represents the underbust girth, used to fit the blouse snugly below the bust.","हिन्दी · निचला वक्ष (अंडरबस्ट): वक्ष के ठीक नीचे पसली-पिंजर का घेरा (जहाँ ब्रा की बैंड बैठती है)। यह अंडरबस्ट घेरे को दर्शाता है, जिसका उपयोग वक्ष के नीचे ब्लाउज को कसकर फिट करने में होता है।","ಕನ್ನಡ · ಕೆಳಗಿನ ಎದೆ (ಲೋವರ್ ಬಸ್ಟ್): ಎದೆಯ ಸರಿಯಾಗಿ ಕೆಳಗಿನ ಪಕ್ಕೆಲುಬಿನ ಸುತ್ತಳತೆ (ಬ್ರಾ ಬ್ಯಾಂಡ್ ಕುಳಿತುಕೊಳ್ಳುವ ಜಾಗ). ಇದು ಅಂಡರ್‌ಬಸ್ಟ್ ಸುತ್ತಳತೆಯನ್ನು ಸೂಚಿಸುತ್ತದೆ, ಎದೆಯ ಕೆಳಗೆ ರವಿಕೆಯನ್ನು ಬಿಗಿಯಾಗಿ ಹೊಂದಿಸಲು ಬಳಸಲಾಗುತ್ತದೆ.",,
15,"Waist
कमर
ಸೊಂಟ","EN: The circumference of the natural waist — the narrowest part of the mid-torso, roughly at or just above the navel. It represents the waist girth at the bottom of the blouse.","हिन्दी · कमर: प्राकृतिक कमर का घेरा — धड़ के बीच का सबसे पतला हिस्सा, लगभग नाभि पर या उससे थोड़ा ऊपर। यह ब्लाउज के निचले सिरे पर कमर के घेरे को दर्शाता है।","ಕನ್ನಡ · ಸೊಂಟ: ಸಹಜ ಸೊಂಟದ ಸುತ್ತಳತೆ — ಮಧ್ಯ ಮುಂಡದ ಅತಿ ತೆಳುವಾದ ಭಾಗ, ಸುಮಾರು ಹೊಕ್ಕುಳಿನ ಬಳಿ ಅಥವಾ ಅದರ ಸ್ವಲ್ಪ ಮೇಲೆ. ಇದು ರವಿಕೆಯ ಕೆಳಭಾಗದಲ್ಲಿ ಸೊಂಟದ ಸುತ್ತಳತೆಯನ್ನು ಸೂಚಿಸುತ್ತದೆ.",,
16,"Bicep Round
बाजू घेरा (बाइसेप)
ತೋಳಿನ ಸುತ್ತಳತೆ (ಬೈಸೆಪ್)","EN: The actual circumference of the upper arm at its thickest part (the bicep), measured on the relaxed arm. It represents the true size of the arm at the bicep.","हिन्दी · बाजू घेरा (बाइसेप): ऊपरी बाँह के सबसे मोटे हिस्से (बाइसेप) का वास्तविक घेरा, ढीली/आराम की स्थिति वाली बाँह पर मापा गया। यह बाइसेप पर बाँह के असली आकार को दर्शाता है।","ಕನ್ನಡ · ತೋಳಿನ ಸುತ್ತಳತೆ (ಬೈಸೆಪ್): ಸಡಿಲವಾದ ತೋಳಿನ ಮೇಲೆ ಅಳೆದ, ಮೇಲಿನ ತೋಳಿನ ಅತಿ ದಪ್ಪ ಭಾಗದ (ಬೈಸೆಪ್) ನಿಜವಾದ ಸುತ್ತಳತೆ. ಇದು ಬೈಸೆಪ್‌ನಲ್ಲಿ ತೋಳಿನ ನಿಜವಾದ ಗಾತ್ರವನ್ನು ಸೂಚಿಸುತ್ತದೆ.",,
17,"Sleeve Round Bicep
आस्तीन घेरा (बाइसेप पर)
ತೋಳಿನ ಸುತ್ತಳತೆ (ಬೈಸೆಪ್ ಮಟ್ಟದಲ್ಲಿ)",EN: The finished circumference of the sleeve opening at the bicep level — the arm size plus a comfortable ease allowance. It represents how wide the sleeve is where it ends at the bicep.,हिन्दी · आस्तीन घेरा (बाइसेप पर): बाइसेप स्तर पर आस्तीन के खुले सिरे का तैयार घेरा — बाँह के आकार में आरामदायक ढील जोड़कर। यह दर्शाता है कि आस्तीन बाइसेप पर जहाँ समाप्त होती है वहाँ कितनी चौड़ी है।,ಕನ್ನಡ · ತೋಳಿನ ಸುತ್ತಳತೆ (ಬೈಸೆಪ್ ಮಟ್ಟದಲ್ಲಿ): ಬೈಸೆಪ್ ಮಟ್ಟದಲ್ಲಿ ತೋಳಿನ ತೆರೆಯುವಿಕೆಯ ಸಿದ್ಧ ಸುತ್ತಳತೆ — ತೋಳಿನ ಗಾತ್ರ ಜೊತೆಗೆ ಆರಾಮದಾಯಕ ಸಡಿಲಿಕೆ. ಇದು ತೋಳು ಬೈಸೆಪ್‌ನಲ್ಲಿ ಮುಗಿಯುವಲ್ಲಿ ಎಷ್ಟು ಅಗಲವಿದೆ ಎಂಬುದನ್ನು ಸೂಚಿಸುತ್ತದೆ.,,
18,"Sleeve Round Forearm
आस्तीन घेरा (फोरआर्म पर)
ತೋಳಿನ ಸುತ್ತಳತೆ (ಮುಂಗೈ ಮಟ್ಟದಲ್ಲಿ)",EN: The finished circumference of the sleeve opening at the forearm level — the forearm size plus a comfortable ease allowance. It represents how wide the sleeve is where it ends lower down at the forearm (only applicable for forearm-length sleeves).,हिन्दी · आस्तीन घेरा (फोरआर्म पर): फोरआर्म स्तर पर आस्तीन के खुले सिरे का तैयार घेरा — अग्रबाहु के आकार में आरामदायक ढील जोड़कर। यह दर्शाता है कि आस्तीन नीचे फोरआर्म पर जहाँ समाप्त होती है वहाँ कितनी चौड़ी है (केवल फोरआर्म-लंबाई की आस्तीन के लिए लागू)।,ಕನ್ನಡ · ತೋಳಿನ ಸುತ್ತಳತೆ (ಮುಂಗೈ ಮಟ್ಟದಲ್ಲಿ): ಮುಂಗೈ ಮಟ್ಟದಲ್ಲಿ ತೋಳಿನ ತೆರೆಯುವಿಕೆಯ ಸಿದ್ಧ ಸುತ್ತಳತೆ — ಮುಂಗೈ ಗಾತ್ರ ಜೊತೆಗೆ ಆರಾಮದಾಯಕ ಸಡಿಲಿಕೆ. ಇದು ತೋಳು ಕೆಳಗೆ ಮುಂಗೈಯಲ್ಲಿ ಮುಗಿಯುವಲ್ಲಿ ಎಷ್ಟು ಅಗಲವಿದೆ ಎಂಬುದನ್ನು ಸೂಚಿಸುತ್ತದೆ (ಕೇವಲ ಮುಂಗೈ-ಉದ್ದದ ತೋಳುಗಳಿಗೆ ಅನ್ವಯಿಸುತ್ತದೆ).,,
19,"Sleeve Length
आस्तीन की लंबाई
ತೋಳಿನ ಉದ್ದ","EN: The length of the sleeve — the distance from the shoulder tip down the outer arm to the point where the sleeve ends, which is at the bicep level (the same level as Sleeve Round Bicep, No. 17). It represents how long the sleeve runs down the arm.","हिन्दी · आस्तीन की लंबाई: आस्तीन की लंबाई — कंधे के सिरे से बाहरी बाँह के नीचे उस बिंदु तक की दूरी जहाँ आस्तीन समाप्त होती है, जो बाइसेप स्तर पर है (वही स्तर जो बाइसेप आस्तीन घेरा, क्र.सं. 17 का है)। यह दर्शाता है कि आस्तीन बाँह पर कितनी नीचे तक जाती है।","ಕನ್ನಡ · ತೋಳಿನ ಉದ್ದ: ತೋಳಿನ ಉದ್ದ — ಭುಜದ ತುದಿಯಿಂದ ಹೊರ ತೋಳಿನ ಕೆಳಗೆ ತೋಳು ಮುಗಿಯುವ ಬಿಂದುವಿನವರೆಗಿನ ಅಂತರ, ಇದು ಬೈಸೆಪ್ ಮಟ್ಟದಲ್ಲಿದೆ (ಕ್ರ.ಸಂ. 17 ರ ಅದೇ ಮಟ್ಟ). ಇದು ತೋಳು ತೋಳಿನ ಮೇಲೆ ಎಷ್ಟು ಕೆಳಗೆ ಹೋಗುತ್ತದೆ ಎಂಬುದನ್ನು ಸೂಚಿಸುತ್ತದೆ.",,
20,"Back Neck Depth
पीठ के गले की गहराई
ಬೆನ್ನಿನ ಕುತ್ತಿಗೆಯ ಆಳ",EN: The vertical distance from the nape of the neck (the base of the neck at the back) straight down the center back to the upper-most edge at the deepest point of the blouse at the back. Similar to front neck depth.,हिन्दी · पीठ के गले की गहराई: पीठ के गले की गहराई — गर्दन के पिछले भाग (नैप) से बीच में सीधे नीचे पीठ पर ब्लाउज के सबसे गहरे बिंदु के ऊपरी किनारे तक की ऊर्ध्वाधर दूरी। सामने के गले की गहराई के समान।,ಕನ್ನಡ · ಬೆನ್ನಿನ ಕುತ್ತಿಗೆಯ ಆಳ: ಬೆನ್ನಿನ ಕುತ್ತಿಗೆಯ ಆಳ — ಕುತ್ತಿಗೆಯ ಹಿಂಭಾಗದಿಂದ (ನೇಪ್) ಮಧ್ಯ ಬೆನ್ನಿನಲ್ಲಿ ನೇರವಾಗಿ ಕೆಳಗೆ ಬೆನ್ನಿನ ಮೇಲೆ ರವಿಕೆಯ ಅತಿ ಆಳವಾದ ಬಿಂದುವಿನ ಮೇಲಿನ ಅಂಚಿನವರೆಗಿನ ಲಂಬ ಅಂತರ. ಮುಂಭಾಗದ ಕುತ್ತಿಗೆಯ ಆಳಕ್ಕೆ ಸಮಾನ.,,
21,"Back Length
पीठ की लंबाई
ಬೆನ್ನಿನ ಉದ್ದ",EN: The full length of the blouse back — the vertical distance from the neck-shoulder point down the center back to the bottom-most part of the blouse at the back.,हिन्दी · पीठ की लंबाई: ब्लाउज की पीठ की पूरी लंबाई — गर्दन-कंधा बिंदु से बीच में सीधे नीचे पीठ पर ब्लाउज के सबसे निचले भाग तक की ऊर्ध्वाधर दूरी।,ಕನ್ನಡ · ಬೆನ್ನಿನ ಉದ್ದ: ರವಿಕೆಯ ಬೆನ್ನಿನ ಪೂರ್ಣ ಉದ್ದ — ಕುತ್ತಿಗೆ-ಭುಜ ಬಿಂದುವಿನಿಂದ ಮಧ್ಯ ಬೆನ್ನಿನಲ್ಲಿ ನೇರವಾಗಿ ಕೆಳಗೆ ಬೆನ್ನಿನ ಮೇಲೆ ರವಿಕೆಯ ಅತಿ ಕೆಳಗಿನ ಭಾಗದವರೆಗಿನ ಲಂಬ ಅಂತರ.,,
22,"Back Width
पीठ की चौड़ाई
ಬೆನ್ನಿನ ಅಗಲ","EN: The horizontal width across the upper back, from the bottom-most part of one armhole crease to the other armhole crease. It represents how broad the back panel is between the arms.",हिन्दी · पीठ की चौड़ाई: ऊपरी पीठ के आर-पार की क्षैतिज चौड़ाई — एक आर्महोल क्रीज के सबसे निचले भाग से दूसरे आर्महोल क्रीज तक। यह दर्शाता है कि दोनों बाँहों के बीच पीठ का पैनल कितना चौड़ा है।,ಕನ್ನಡ · ಬೆನ್ನಿನ ಅಗಲ: ಮೇಲಿನ ಬೆನ್ನಿನ ಅಡ್ಡಲಾಗಿ ಇರುವ ಅಗಲ — ಒಂದು ತೋಳಿನ ರಂಧ್ರದ ಮಡಿಕೆಯ ಅತಿ ಕೆಳಗಿನ ಭಾಗದಿಂದ ಇನ್ನೊಂದು ತೋಳಿನ ರಂಧ್ರದ ಮಡಿಕೆಯವರೆಗೆ. ಇದು ಎರಡು ತೋಳುಗಳ ನಡುವೆ ಬೆನ್ನಿನ ಫಲಕ ಎಷ್ಟು ಅಗಲವಿದೆ ಎಂಬುದನ್ನು ಸೂಚಿಸುತ್ತದೆ.,,